[
  {
    "filename": "3.9.1_EN15804.json",
    "version": "3.9.1",
    "system_model": "EN15804"
  },
  {
    "filename": "3.8_EN15804.json",
    "version": "3.8",
    "system_model": "EN15804"
  },
  {
    "filename": "3.8_apos.json",
    "version": "3.8",
    "system_model": "apos"
  },
  {
    "filename": "3.9.1_cutoff.json",
    "version": "3.9.1",
    "system_model": "cutoff"
  },
  {
    "filename": "3.8_consequential.json",
    "version": "3.8",
    "system_model": "consequential"
  },
  {
    "filename": "3.9.1_apos.json",
    "version": "3.9.1",
    "system_model": "apos"
  },
  {
    "filename": "3.7.1_cutoff.json",
    "version": "3.7.1",
    "system_model": "cutoff"
  },
  {
    "filename": "3.7.1_apos.json",
    "version": "3.7.1",
    "system_model": "apos"
  },
  {
    "filename": "3.9.1_consequential.json",
    "version": "3.9.1",
    "system_model": "consequential"
  },
  {
    "filename": "3.7.1_consequential.json",
    "version": "3.7.1",
    "system_model": "consequential"
  },
  {
    "filename": "3.8_cutoff.json",
    "version": "3.8",
    "system_model": "cutoff"
  }
]